Does News Tag Pill Already Exist?,	Category,	News Tag,	News Page Meta Title,	News Page Meta Description,	  News Page Meta Description1, News Page Meta Description2,  News Page H1
No,	Protocol Tokens,	Bitcoin,	[News Tag] (Ticker) News: Today's Latest Stories By Forbes,	Stay informed with the latest Bitcoin news! Our page delivers real-time updates, expert analyses, and market trends. Dive into the world of crypto today!,	Latest Bitcoin News
Yes,	Protocol Tokens,	Shiba Inu,	[News Tag] (Ticker) News: Today's Latest Stories By Forbes,	Explore breaking Shiba Inu news on Forbes. From price movements to regulatory shifts, we provide insights for crypto enthusiasts. Stay ahead in the crypto game!,	Latest Shiba Inu News
Yes,	Protocol Tokens,	XRP,	[News Tag] (Ticker) News: Today's Latest Stories By Forbes,	Unlock the latest in XRP news trends and developments on Forbes. Instant updates and market analysis to keep you informed and engaged in the crypto space.,	Latest XRP News
No,	Enterprise Blockchain,	BlackRock,	[News Tag] News: Today's Latest Stories By Forbes,  Stay informed with the latest BlackRock news! Our page delivers real-time updates, expert analyses, and market trends. Dive into the world of crypto today!,	Latest BlackRock News
No,	Protocol Tokens,	BitTorrent,	[News Tag] (Ticker) News: Today's Latest Stories By Forbes,	Explore breaking BitTorrent news on Forbes. From price movements to regulatory shifts, we provide insights for crypto enthusiasts. Stay ahead in the crypto game!,	Latest BitTorrent News
Yes,	Protocol Tokens,	Dogecoin,	[News Tag] (Ticker) News: Today's Latest Stories By Forbes,	Unlock the latest in Dogecoin news trends and developments on Forbes. Instant updates and market analysis to keep you informed and engaged in the crypto space.,	Latest Dogecoin News
Yes,	Protocol Tokens,	Polygon,	[News Tag] (Ticker) News: Today's Latest Stories By Forbes,	Keep up with Polygon news and market trends with Forbes. From price fluctuations to industry advancements, we keep you in the loop with timely updates.,	Latest Polygon News
No,	Protocol Tokens,	Osmosis,	[News Tag] (Ticker) News: Today's Latest Stories By Forbes,	Stay informed with the latest Osmosis news! Our page delivers real-time updates, expert analyses, and market trends. Dive into the world of crypto today!,	Latest Osmosis News
No,	Protocol Tokens,	Ethereum,	[News Tag] (Ticker) News: Today's Latest Stories By Forbes,	Explore breaking Ethereum news on Forbes. From price movements to regulatory shifts, we provide insights for crypto enthusiasts. Stay ahead in the crypto game!,	Latest Ethereum News
No,	Industry,	Crypto Taxes,	[News Tag] News: Today's Latest Stories By Forbes,	Unlock the latest in Crypto Taxes news trends and developments on Forbes. Instant updates and market analysis to keep you informed and engaged in the crypto space.,	Latest Crypto Taxes News
No,	Protocol Tokens,	EOS,	[News Tag] (Ticker) News: Today's Latest Stories By Forbes,	Stay informed with the latest EOS news! Our page delivers real-time updates, expert analyses, and market trends. Dive into the world of crypto today!,	Latest EOS News
No,	Industry,	NFT,	[News Tag] News: Today's Latest Stories By Forbes,	Explore breaking NFT news on Forbes. From price movements to regulatory shifts, we provide insights for crypto enthusiasts. Stay ahead in the crypto game!,	Latest NFT News
Yes,	Protocol Tokens,	TRON,	[News Tag] (Ticker) News: Today's Latest Stories By Forbes,	Unlock the latest in TRON news trends and developments on Forbes. Instant updates and market analysis to keep you informed and engaged in the crypto space.,	Latest TRON News
Yes,	Protocol Tokens,	Uniswap,	[News Tag] (Ticker) News: Today's Latest Stories By Forbes,	Keep up with Uniswap news and market trends with Forbes. From price fluctuations to industry advancements, we keep you in the loop with timely updates.,	Latest Uniswap News
No,	Protocol Tokens,	Kava,	[News Tag] (Ticker) News: Today's Latest Stories By Forbes,	Stay informed with the latest Kava news! Our page delivers real-time updates, expert analyses, and market trends. Dive into the world of crypto today!,	Latest Kava News
No,	Industry,	Blockchain,	[News Tag] News: Today's Latest Stories By Forbes,	Explore breaking Blockchain news on Forbes. From price movements to regulatory shifts, we provide insights for crypto enthusiasts. Stay ahead in the crypto game!,	Latest Blockchain News
Yes,	Protocol Tokens,	Cardano,	[News Tag] (Ticker) News: Today's Latest Stories By Forbes,	Unlock the latest in Cardano news trends and developments on Forbes. Instant updates and market analysis to keep you informed and engaged in the crypto space.,	Latest Cardano News
No,	Protocol Tokens,	Aave,	[News Tag] (Ticker) News: Today's Latest Stories By Forbes,	Keep up with Aave news and market trends with Forbes. From price fluctuations to industry advancements, we keep you in the loop with timely updates.,	Latest Aave News
No,	Protocol Tokens,	IOTA,	[News Tag] (Ticker) News: Today's Latest Stories By Forbes,	Stay informed with the latest IOTA news! Our page delivers real-time updates, expert analyses, and market trends. Dive into the world of crypto today!,	Latest IOTA News
No,	Industry,	Crypto ETF,	[News Tag] News: Today's Latest Stories By Forbes,	Explore breaking Crypto ETF news on Forbes. From price movements to regulatory shifts, we provide insights for crypto enthusiasts. Stay ahead in the crypto game!,	Latest Crypto ETF News
Yes,	Protocol Tokens,	Solana,	[News Tag] (Ticker) News: Today's Latest Stories By Forbes,	Unlock the latest in Solana news trends and developments on Forbes. Instant updates and market analysis to keep you informed and engaged in the crypto space.,	Latest Solana News
Yes,	Protocol Tokens,	USDC,	[News Tag] (Ticker) News: Today's Latest Stories By Forbes,	Keep up with USDC news and market trends with Forbes. From price fluctuations to industry advancements, we keep you in the loop with timely updates.,	Latest USDC News
No,	Protocol Tokens,	Helium,	[News Tag] (Ticker) News: Today's Latest Stories By Forbes,	Stay informed with the latest Helium news! Our page delivers real-time updates, expert analyses, and market trends. Dive into the world of crypto today!,	Latest Helium News
No,	Protocol Tokens,	CBDC,	[News Tag] (Ticker) News: Today's Latest Stories By Forbes,	Explore breaking CBDC news on Forbes. From price movements to regulatory shifts, we provide insights for crypto enthusiasts. Stay ahead in the crypto game!,	Latest CBDC News
No,	Protocol Tokens,	Stellar,	[News Tag] (Ticker) News: Today's Latest Stories By Forbes,	Unlock the latest in Stellar news trends and developments on Forbes. Instant updates and market analysis to keep you informed and engaged in the crypto space.,	Latest Stellar News
Yes,	Protocol Tokens,	Tether,	[News Tag] (Ticker) News: Today's Latest Stories By Forbes,	Keep up with Tether news and market trends with Forbes. From price fluctuations to industry advancements, we keep you in the loop with timely updates.,	Latest Tether News
No,	Protocol Tokens,	BNB,	[News Tag] (Ticker) News: Today's Latest Stories By Forbes,	Stay informed with the latest BNB news! Our page delivers real-time updates, expert analyses, and market trends. Dive into the world of crypto today!,	Latest BNB News
No,	Protocol Tokens,	Monero,	[News Tag] (Ticker) News: Today's Latest Stories By Forbes,	Explore breaking Monero news on Forbes. From price movements to regulatory shifts, we provide insights for crypto enthusiasts. Stay ahead in the crypto game!,	Latest Monero News
No,	Protocol Tokens,	Mantle,	[News Tag] (Ticker) News: Today's Latest Stories By Forbes,	Unlock the latest in Mantle news trends and developments on Forbes. Instant updates and market analysis to keep you informed and engaged in the crypto space.,	Latest Mantle News
No,	Protocol Tokens,	Flow,	[News Tag] (Ticker) News: Today's Latest Stories By Forbes,	Keep up with Flow news and market trends with Forbes. From price fluctuations to industry advancements, we keep you in the loop with timely updates.,	Latest Flow News
No,	Protocol Tokens,	Blur,	[News Tag] (Ticker) News: Today's Latest Stories By Forbes,	Stay informed with the latest Blur news! Our page delivers real-time updates, expert analyses, and market trends. Dive into the world of crypto today!,	Latest Blur News
Yes,	Protocol Tokens,	Litecoin,	[News Tag] (Ticker) News: Today's Latest Stories By Forbes,	Explore breaking Litecoin news on Forbes. From price movements to regulatory shifts, we provide insights for crypto enthusiasts. Stay ahead in the crypto game!,	Latest Litecoin News
Yes,	Protocol Tokens,	Optimism,	[News Tag] (Ticker) News: Today's Latest Stories By Forbes,	Unlock the latest in Optimism news trends and developments on Forbes. Instant updates and market analysis to keep you informed and engaged in the crypto space.,	Latest Optimism News
No,	Protocol Tokens,	Immutable,	[News Tag] (Ticker) News: Today's Latest Stories By Forbes,	Keep up with Immutable news and market trends with Forbes. From price fluctuations to industry advancements, we keep you in the loop with timely updates.,	Latest Immutable News
No,	Protocol Tokens,	Render,	[News Tag] (Ticker) News: Today's Latest Stories By Forbes,	Stay informed with the latest Render news! Our page delivers real-time updates, expert analyses, and market trends. Dive into the world of crypto today!,	Latest Render News
No,	Protocol Tokens,	KuCoin,	[News Tag] (Ticker) News: Today's Latest Stories By Forbes,	Explore breaking KuCoin news on Forbes. From price movements to regulatory shifts, we provide insights for crypto enthusiasts. Stay ahead in the crypto game!,	Latest KuCoin News
No,	Protocol Tokens,	NEO,	[News Tag] (Ticker) News: Today's Latest Stories By Forbes,	Unlock the latest in NEO news trends and developments on Forbes. Instant updates and market analysis to keep you informed and engaged in the crypto space.,	Latest NEO News
No,	Protocol Tokens,	GALA,	[News Tag] (Ticker) News: Today's Latest Stories By Forbes,	Keep up with GALA news and market trends with Forbes. From price fluctuations to industry advancements, we keep you in the loop with timely updates.,	Latest GALA News
No,	Miners,	Bitcoin Mining,	[News Tag] News: Today's Latest Stories By Forbes,	Stay informed with the latest Bitcoin Mining news! Our page delivers real-time updates, expert analyses, and market trends. Dive into the world of crypto today!,	Latest Bitcoin Mining News
No,	Industry,	Crypto Gaming,	[News Tag] News: Today's Latest Stories By Forbes,	Explore breaking Crypto Gaming news on Forbes. From price movements to regulatory shifts, we provide insights for crypto enthusiasts. Stay ahead in the crypto game!,	Latest Crypto Gaming News
Yes,	Protocol Tokens,	Dai,	[News Tag] (Ticker) News: Today's Latest Stories By Forbes,	Unlock the latest in Dai news trends and developments on Forbes. Instant updates and market analysis to keep you informed and engaged in the crypto space.,	Latest Dai News
No,	Protocol Tokens,	Quant,	[News Tag] (Ticker) News: Today's Latest Stories By Forbes,	Keep up with Quant news and market trends with Forbes. From price fluctuations to industry advancements, we keep you in the loop with timely updates.,	Latest Quant News
No,	Protocol Tokens,	WOO,	[News Tag] (Ticker) News: Today's Latest Stories By Forbes,	Stay informed with the latest WOO news! Our page delivers real-time updates, expert analyses, and market trends. Dive into the world of crypto today!,	Latest WOO News
No,	Protocol Tokens,	PancakeSwap,	[News Tag] (Ticker) News: Today's Latest Stories By Forbes,	Explore breaking PancakeSwap news on Forbes. From price movements to regulatory shifts, we provide insights for crypto enthusiasts. Stay ahead in the crypto game!,	Latest PancakeSwap News
No,	Protocol Tokens,	Bonk,	[News Tag] (Ticker) News: Today's Latest Stories By Forbes,	Unlock the latest in Bonk news trends and developments on Forbes. Instant updates and market analysis to keep you informed and engaged in the crypto space.,	Latest Bonk News
No,	Industry,	Bitcoin Halving,	[News Tag] News: Today's Latest Stories By Forbes,	Keep up with Bitcoin Halving news and market trends with Forbes. From price fluctuations to industry advancements, we keep you in the loop with timely updates.,	Latest Bitcoin Halving News
No,	Industry,	Bitcoin ETF,	[News Tag] News: Today's Latest Stories By Forbes,	Stay informed with the latest Bitcoin ETF news! Our page delivers real-time updates, expert analyses, and market trends. Dive into the world of crypto today!,	Latest Bitcoin ETF News
No,	Industry,	Web3,	[News Tag] News: Today's Latest Stories By Forbes,	Explore breaking Web3 news on Forbes. From new innovations to regulatory shifts, we provide insights for Web3 enthusiasts. Stay ahead in the Web3 game!,	Latest Web3 News
Yes,	Protocol Tokens,	Chainlink,	[News Tag] (Ticker) News: Today's Latest Stories By Forbes,	Unlock the latest in Chainlink news trends and developments on Forbes. Instant updates and market analysis to keep you informed and engaged in the crypto space.,	Latest Chainlink News
No,	Protocol Tokens,	Sei,	[News Tag] (Ticker) News: Today's Latest Stories By Forbes,	Keep up with Sei news and market trends with Forbes. From price fluctuations to industry advancements, we keep you in the loop with timely updates.,	Latest Sei News
Yes,	Protocol Tokens,	Algorand,	[News Tag] (Ticker) News: Today's Latest Stories By Forbes,	Stay informed with the latest Algorand news! Our page delivers real-time updates, expert analyses, and market trends. Dive into the world of crypto today!,	Latest Algorand News
No,	Protocol Tokens,	Sui,	[News Tag] (Ticker) News: Today's Latest Stories By Forbes,	Explore breaking Sui news on Forbes. From price movements to regulatory shifts, we provide insights for crypto enthusiasts. Stay ahead in the crypto game!,	Latest Sui News
No,	Protocol Tokens,	Decentraland,	[News Tag] (Ticker) News: Today's Latest Stories By Forbes,	Unlock the latest in Decentraland news trends and developments on Forbes. Instant updates and market analysis to keep you informed and engaged in the crypto space.,	Latest Decentraland News
No,	Protocol Tokens,	DAO,	[News Tag] (Ticker) News: Today's Latest Stories By Forbes,	Keep up with DAO news and market trends with Forbes. From price fluctuations to industry advancements, we keep you in the loop with timely updates.,	Latest DAO News
No,	Miners,	Crypto Mining,	[News Tag] News: Today's Latest Stories By Forbes,	Stay informed with the latest Crypto Mining news! Our page delivers real-time updates, expert analyses, and market trends. Dive into the world of crypto today!,	Latest Crypto Mining News
No,	Industry,	Bitcoin Cash,	[News Tag] News: Today's Latest Stories By Forbes,	Explore breaking Bitcoin Cash news on Forbes. From price movements to regulatory shifts, we provide insights for crypto enthusiasts. Stay ahead in the crypto game!,	Latest Bitcoin Cash News
Yes,	Protocol Tokens,	Filecoin,	[News Tag] (Ticker) News: Today's Latest Stories By Forbes,	Unlock the latest in Filecoin news trends and developments on Forbes. Instant updates and market analysis to keep you informed and engaged in the crypto space.,	Latest Filecoin News
Yes,	Protocol Tokens,	Polkadot,	[News Tag] (Ticker) News: Today's Latest Stories By Forbes,	Keep up with Polkadot news and market trends with Forbes. From price fluctuations to industry advancements, we keep you in the loop with timely updates.,	Latest Polkadot News
No,	Industry,	Crypto Regulation,	[News Tag] News: Today's Latest Stories By Forbes,	Stay informed with the latest Crypto Regulation news! Our page delivers real-time updates, expert analyses, and market trends. Dive into the world of crypto today!,	Latest Crypto Regulation News
No,	Protocol Tokens,	Stacks,	[News Tag] (Ticker) News: Today's Latest Stories By Forbes,	Explore breaking Stacks news on Forbes. From price movements to regulatory shifts, we provide insights for crypto enthusiasts. Stay ahead in the crypto game!,	Latest Stacks News
Yes,	Protocol Tokens,	VeChain,	[News Tag] (Ticker) News: Today's Latest Stories By Forbes,	Unlock the latest in VeChain news trends and developments on Forbes. Instant updates and market analysis to keep you informed and engaged in the crypto space.,	Latest VeChain News
No,	Industry,	Grayscale,	[News Tag] News: Today's Latest Stories By Forbes,	Keep up with Grayscale news and market trends with Forbes. From price fluctuations to industry advancements, we keep you in the loop with timely updates.,	Latest Grayscale News
No,	Protocol Tokens,	DeFi,	[News Tag] (Ticker) News: Today's Latest Stories By Forbes,	Stay informed with the latest DeFi news! Our page delivers real-time updates, expert analyses, and market trends. Dive into the world of crypto today!,	Latest DeFi News
No,	Industry,	Crypto Wallet,	[News Tag] News: Today's Latest Stories By Forbes,	Explore breaking Crypto Wallet news on Forbes. From price movements to regulatory shifts, we provide insights for crypto enthusiasts. Stay ahead in the crypto game!,	Latest Crypto Wallet News
No,	Industry,	Crypto Governance,	[News Tag] News: Today's Latest Stories By Forbes,	Unlock the latest in Crypto Governance news trends and developments on Forbes. Instant updates and market analysis to keep you informed and engaged in the crypto space.,	Latest Crypto Governance News
Yes,	Protocol Tokens,	Aptos,	[News Tag] (Ticker) News: Today's Latest Stories By Forbes,	Stay informed with the latest Aptos news! Our page delivers real-time updates, expert analyses, and market trends. Dive into the world of crypto today!,	Latest Aptos News
No,	Protocol Tokens,	Cronos,	[News Tag] (Ticker) News: Today's Latest Stories By Forbes,	Explore breaking Cronos news on Forbes. From price movements to regulatory shifts, we provide insights for crypto enthusiasts. Stay ahead in the crypto game!,	Latest Cronos News
Yes,	Protocol Tokens,	Tezos,	[News Tag] (Ticker) News: Today's Latest Stories By Forbes,	Unlock the latest in Tezos news trends and developments on Forbes. Instant updates and market analysis to keep you informed and engaged in the crypto space.,	Latest Tezos News
No,	Industry,	Digital Wallet,	[News Tag] News: Today's Latest Stories By Forbes,	Keep up with digital wallet news and trends with Forbes. From new wallet uses to industry advancements, we keep you in the loop with timely updates.,	Latest Digital Wallet News