Categories,Suggested Meta Title Template,Character Count,Suggested Meta Description,Character Count,Suggested On-Page Summary Description,Suggested H1,/digital-assets/assets,/asset-page/,news/,Suggested URL ,,"Notes:
Reminder: Add structured data to this
Do not want these compete with price pages (https://www.forbes.com/digital-assets/assets/bitcoin-btc/)",,,,,,,Useful Links,
Digital Assets,Latest Digital Asset News | Forbes Digital Assets,49,,0,,Digital Assets News,,,,,,Link to Audit,,,,,,,Figma Design,https://www.figma.com/file/JUAYnHjq4Fyfop08AUArtK/News-Page?type=design&node-id=58-13237&mode=design&t=ND2A5qVfNwGHgoV6-0
Bitcoin,Latest Bitcoin (BTC) News | Forbes Digital Assets,49,"Discover the latest Bitcoin news, analysis, and trends to stay ahead of the game. Find the latest BTC articles and important investing insights today.",150,"Unlock the world of Bitcoin with our latest news hub. Dive into the latest trends, crypto market updates, and analysis and news articles below.  ",Bitcoin News,/digital-assets/assets,/bitcoin-btc/,news/,/digital-assets/assets/bitcoin-btc/news/,,,,,,,,,Example SEO Audit,https://docs.google.com/spreadsheets/d/1oX_tghb8rNbxy2evCnvraxj8ig7A4iiJ13cSBReSxkk/edit#gid=193023254
Ethereum,Latest Ethereum (ETH) News | Forbes Digital Assets,50,"Discover the latest Ethereum news, analysis, and trends to stay ahead of the game. Find the latest ETH articles and important investing insights today.",151,"Unlock the world of Ethereum with our latest news hub. Dive into the latest trends, crypto market updates, and analysis and news articles below.  ",Ethereum News,/digital-assets/assets,/ethereum-eth/,news/,/digital-assets/assets/ethereum-eth/news/,,Due date: July 28th,,,,,,,Asset Profile Page (e.g. Bitcoin),https://www.forbes.com/digital-assets/assets/bitcoin-btc/?sh=2a1269f74357 
Stablecoins,Latest Stablecoin News | Forbes Digital Assets,46,Stay ahead in the crypto world with cutting-edge Stablecoin news. Come and discover game-changing insights for your cryptocurrency investing strategies.,152,"Unleash the power of Stablecoins. Dive into the latest news and updates to stay informed, maxmize opportunities, and drive success in the crypto world.",Stablecoins News,,,news/,news/,,,,,,,,,,
NFT,Latest NFT News | Forbes Digital Assets,39,Keep up with the latest NFT news. Dive into all the updates and expert insights to stay informed on any changes in the world of NFTs. ,134,"Unleash the power of NFTs. Dive into the latest news and updates to stay informed, maxmize opportunities, and drive success in the NFT world.",NFT News,,,news/,news/,,,,,,,,,,
Miners,Latest Crypto Mining News | Forbes Digital Assets,49,Keep up with the latest Crypto Miner news. Dive into all the updates and expert insights to stay informed on any changes in the world of crypto mining. ,152,"Unlock the world of Crypto Mining. Dive into the latest news and updates to stay informed, maxmize opportunities, and drive success in the crypto world.",Miners News,,,news/,news/,,,,,,,,,,
Regulation,Latest Crypto Regulation News | Forbes Digital Assets,53,Keep up with the latest cryptocurrency regulation news. Dive into all the updates and expert insights to stay informed on any changes in crypto regulation. ,156,"Keep up with the latest crypto regulation. Dive into the latest news and updates to stay informed, maxmize opportunities, and drive success in the crypto world.",Regulation News,,,news/,news/,,,,,,,,,,
Gaming,Latest Crypto Gaming News | Forbes Digital Assets,49,Keep up with the latest crypto gaming news. Dive into all the updates and expert insights to stay informed on any changes in the world of crypto gaming. ,153,"Unlock the world of Crypto Gaming. Dive into the latest news and updates to stay informed, maxmize opportunities, and drive success in the crypto world.",Gaming News,,,news/,news/,,,,,,,,,,
Artificial Intelligence,Latest Artificial Intelligence News | Forbes Digital Assets,59,Keep up with the latest AI news. Dive into all the updates and expert insights to stay informed on any changes in the world of artificial intelligence. ,152,"Keep up with the latest on Artificial Intelligence news. Dive into the latest updates to stay informed, maxmize opportunities, and drive success in the new AI landscape.",Artificial Intelligence News,,,news/,news/,,,,,,,,,,
Web3,Latest Web3 News | Forbes Digital Assets,40,Keep up with the latest Web3 news. Dive into all the updates and expert insights to stay informed on any advances in the world of Web3. ,136,"Uncover everything Web3. Dive into the latest news and updates to stay informed, maxmize opportunities, and drive success in the world of Web3.",Web3 News,,,news/,news/,,,,,,,,,,
Binance,Latest Binance News | Forbes Digital Assets,43,"Stay informed on crypto news. Our Binance news portal brings you the latest updates, analysis, and opinions for the savviest crypto investors.",142,"Stay informed on Binance. Dive into the latest news and updates to stay informed, maxmize opportunities, and drive success in the crypto world.",Binance News,,,news/,news/,,,,,,,,,,
Blockchain,Latest Blockchain News | Forbes Digital Assets,46,Keep up with the latest blockchain news. Dive into all the updates and expert insights to stay informed on any advances in blockchain technology. ,146,"Stay informed on Blockchain technology. Dive into the latest news and updates to stay informed, maxmize opportunities, and drive success in the crypto world.",Blockchain News,,,news/,news/,,,,,,,,,,
Cryptocurrency,Latest Cryptocurrency News | Forbes Digital Assets,50,Stay ahead in the crypto world with cutting-edge Cryptocurrency news. Come and discover game-changing insights for your crypto investing strategies.,148,"Unleash the power of Cryptocurrency. Dive into the latest news and updates to stay informed, maxmize opportunities, and drive success in the crypto world.",Cryptocurrency News,,,news/,news/,,,,,,,,,,
Binance USD,Latest Binance USD News | Forbes Digital Assets,47,"Discover the latest Binance USD news, analysis, and trends to stay ahead of the game. Find the latest BNB articles and important investing insights today.",154,"Unlock the world of Binance USD with our latest news hub. Dive into the latest trends, crypto market updates, and analysis and news articles below.  ",Binance USD News,,,news/,news/,,,,,,,,,,
TrueUSD,Latest True USD (TUSD) News | Forbes Digital Assets,51,"Discover the latest TrueUSD news, analysis, and trends to stay ahead of the game. Find the latest TUSD articles and important investing insights today.",151,"Unlock the world of TrueUSD with our latest news hub. Dive into the latest trends, crypto market updates, and analysis and news articles below.  ",TrueUSD News,,,news/,news/,,,,,,,,,,
USDC,Latest USCoin (USDC) News | Forbes Digital Assets,49,"Discover the latest USCoin news, analysis, and trends to stay ahead of the game. Find the latest USDC articles and important investing insights today.",150,"Unlock the world of USCoin with our latest news hub. Dive into the latest trends, crypto market updates, and analysis and news articles below.  ",USDC News,,,news/,news/,,,,,,,,,,
USDT,Latest Tether USD (USDT) News | Forbes Digital Assets,53,"Discover the latest Tether USD news, analysis, and trends to stay ahead of the game. Find the latest USDT articles and important investing insights today.",154,"Unlock the world of Tether USD with our latest news hub. Dive into the latest trends, crypto market updates, and analysis and news articles below.  ",USDT News,,,news/,news/,,,,,,,,,,
XRP,Latest Ripple USD (XRP) News | Forbes Digital Assets,52,"Discover the latest Ripple USD news, analysis, and trends to stay ahead of the game. Find the latest XRP articles and important investing insights today.",153,"Unlock the world of Ripple with our latest news hub. Dive into the latest trends, crypto market updates, and analysis and news articles below.  ",XRP News,,,news/,news/,,,,,,,,,,
Cardano,Latest Cardano USD (ADA) News | Forbes Digital Assets,53,"Discover the latest Cardano USD news, analysis, and trends to stay ahead of the game. Find the latest ADA articles and important investing insights today.",154,"Unlock the world of Cardano with our latest news hub. Dive into the latest trends, crypto market updates, and analysis and news articles below.  ",Cardano News,,,news/,news/,,,,,,,,,,
Dogecoin,Latest Dogecoin USD (DOGE) News | Forbes Digital Assets,55,"Discover the latest Dogecoin news, analysis, and trends to stay ahead of the game. Find the latest DOGE articles and important investing insights today.",152,"Unlock the world of Dogecoin with our latest news hub. Dive into the latest trends, crypto market updates, and analysis and news articles below.  ",Dogecoin News,,,news/,news/,,,,,,,,,,
TRON,Latest TRON (TRX) News | Forbes Digital Assets,46,"Discover the latest TRON news, analysis, and trends to stay ahead of the game. Find the latest TRX articles and important investing insights today.",147,"Unlock the world of TRON with our latest news hub. Dive into the latest trends, crypto market updates, and analysis and news articles below.  ",TRON News,,,news/,news/,,,,,,,,,,
Litecoin,Latest Litecoin (LTC) News | Forbes Digital Assets,50,"Discover the latest Litecoin news, analysis, and trends to stay ahead of the game. Find the latest LTC articles and important investing insights today.",151,"Unlock the world of Litecoin with our latest news hub. Dive into the latest trends, crypto market updates, and analysis and news articles below.  ",Litecoin News,,,news/,news/,,,,,,,,,,
Polkadot,Latest Polkadot (DOT) News | Forbes Digital Assets,50,"Discover the latest Polkadot news, analysis, and trends to stay ahead of the game. Find the latest DOT articles and important investing insights today.",151,"Unlock the world of Polkadot with our latest news hub. Dive into the latest trends, crypto market updates, and analysis and news articles below.  ",Polkadot News,,,news/,news/,,,,,,,,,,
Polygon,Latest Polygon (MATIC) News | Forbes Digital Assets,51,"Discover the latest Polygon news, analysis, and trends to stay ahead of the game. Find the latest MATIC articles and important investing insights today.",152,"Unlock the world of Polygon with our latest news hub. Dive into the latest trends, crypto market updates, and analysis and news articles below.  ",Polygon News,,,news/,news/,,,,,,,,,,
Dai,Latest Dai (DAI) News | Forbes Digital Assets,45,"Discover the latest Dai news, analysis, and trends to stay ahead of the game. Find the latest DAI articles and important investing insights today.",146,"Unlock the world of Dai with our latest news hub. Dive into the latest trends, crypto market updates, and analysis and news articles below.  ",Dai News,,,news/,news/,,,,,,,,,,
Shiba Inu,Latest Shiba Inu (SHIB) News | Forbes Digital Assets,52,"Discover the latest Shiba Inu news, analysis, and trends to stay ahead of the game. Find the latest SHIB articles and important investing insights today.",153,"Unlock the world of Shiba Inu with our latest news hub. Dive into the latest trends, crypto market updates, and analysis and news articles below.  ",Shiba Inu News,,,news/,news/,,,,,,,,,,
Avalanche,Latest Avalanche (AVAX) News | Forbes Digital Assets,52,"Discover the latest Avalanche news, analysis, and trends to stay ahead of the game. Find the latest AVAX articles and important investing insights today.",153,"Unlock the world of Avalanche with our latest news hub. Dive into the latest trends, crypto market updates, and analysis and news articles below.  ",Avalanche News,,,news/,news/,,,,,,,,,,
Uniswap,Latest Uniswap (UNI) News | Forbes Digital Assets,49,"Discover the latest Uniswap news, analysis, and trends to stay ahead of the game. Find the latest UNI articles and important investing insights today.",150,"Unlock the world of Uniswap with our latest news hub. Dive into the latest trends, crypto market updates, and analysis and news articles below.  ",Uniswap News,,,news/,news/,,,,,,,,,,
Chainlink,Latest Chainlink (LINK) News | Forbes Digital Assets,52,"Discover the latest Chainlink news, analysis, and trends to stay ahead of the game. Find the latest LINK articles and important investing insights today.",153,"Unlock the world of Chainlink with our latest news hub. Dive into the latest trends, crypto market updates, and analysis and news articles below.  ",Chainlink News,,,news/,news/,,,,,,,,,,
Cosmos,Latest Cosmos (ATOM) News | Forbes Digital Assets,49,"Discover the latest Cosmos news, analysis, and trends to stay ahead of the game. Find the latest ATOM articles and important investing insights today.",150,"Unlock the world of Cosmos with our latest news hub. Dive into the latest trends, crypto market updates, and analysis and news articles below.  ",Cosmos News,,,news/,news/,,,,,,,,,,
OKB,Latest OKB News | Forbes Digital Assets,39,"Discover the latest OKB news, analysis, and trends to stay ahead of the game. Find the latest OKB articles and important investing insights today.",146,"Unlock the world of OKB with our latest news hub. Dive into the latest trends, crypto market updates, and analysis and news articles below.  ",OKB News,,,news/,news/,,,,,,,,,,
Filecoin,Latest Filecoin (FIL) News | Forbes Digital Assets,50,"Discover the latest Filecoin news, analysis, and trends to stay ahead of the game. Find the latest FIL articles and important investing insights today.",151,"Unlock the world of Filecoin with our latest news hub. Dive into the latest trends, crypto market updates, and analysis and news articles below.  ",Filecoin News,,,news/,news/,,,,,,,,,,
Hedera,Latest Hedera (HBAR) News | Forbes Digital Assets,49,"Discover the latest Hedera news, analysis, and trends to stay ahead of the game. Find the latest HBAR articles and important investing insights today.",150,"Unlock the world of Hedera with our latest news hub. Dive into the latest trends, crypto market updates, and analysis and news articles below.  ",Hedera News,,,news/,news/,,,,,,,,,,
Aptos,Latest Aptos (APT) News | Forbes Digital Assets,47,"Discover the latest Aptos news, analysis, and trends to stay ahead of the game. Find the latest APT articles and important investing insights today.",148,"Unlock the world of Aptos with our latest news hub. Dive into the latest trends, crypto market updates, and analysis and news articles below.  ",Aptos News,,,news/,news/,,,,,,,,,,
VeChain,Latest VeChain (VET) News | Forbes Digital Assets,49,"Discover the latest VeChain news, analysis, and trends to stay ahead of the game. Find the latest VET articles and important investing insights today.",150,"Unlock the world of VeChain with our latest news hub. Dive into the latest trends, crypto market updates, and analysis and news articles below.  ",VeChain News,,,news/,news/,,,,,,,,,,
Algorand,Latest Algorand (ALGO) News | Forbes Digital Assets,51,"Discover the latest Algorand news, analysis, and trends to stay ahead of the game. Find the latest ALGO articles and important investing insights today.",152,"Unlock the world of Algorand with our latest news hub. Dive into the latest trends, crypto market updates, and analysis and news articles below.  ",Algorand News,,,news/,news/,,,,,,,,,,
ApeCoin,Latest ApeCoin (APE) News | Forbes Digital Assets,49,"Discover the latest ApeCoin news, analysis, and trends to stay ahead of the game. Find the latest APE articles and important investing insights today.",150,"Unlock the world of ApeCoin with our latest news hub. Dive into the latest trends, crypto market updates, and analysis and news articles below.  ",ApeCoin News,,,news/,news/,,,,,,,,,,
Optimism,Latest Optimism (OP) News | Forbes Digital Assets,49,"Discover the latest Optimism news, analysis, and trends to stay ahead of the game. Find the latest OP articles and important investing insights today.",150,"Unlock the world of Optimism with our latest news hub. Dive into the latest trends, crypto market updates, and analysis and news articles below.  ",Optimism News,,,news/,news/,,,,,,,,,,
Tezos,Latest Tezos (XTZ) News | Forbes Digital Assets,47,"Discover the latest Tezos news, analysis, and trends to stay ahead of the game. Find the latest XTZ articles and important investing insights today.",148,"Unlock the world of Tezos with our latest news hub. Dive into the latest trends, crypto market updates, and analysis and news articles below.  ",Tezos News,,,news/,news/,,,,,,,,,,
Solana,Latest Solana (SOL) News | Forbes Digital Assets,48,"Discover the latest Solana news, analysis, and trends to stay ahead of the game. Find the latest SOL articles and important investing insights today.",149,"Unlock the world of Solana with our latest news hub. Dive into the latest trends, crypto market updates, and analysis and news articles below.  ",Solana News,,,news/,news/,,,,,,,,,,
Coinbase,Latest Coinbase News | Forbes Digital Assets,44,"Stay informed on crypto news. Our Coinbase news portal brings you the latest updates, analysis, and opinions for the savviest crypto investors.",143,"Keep up with the newest on Coinbase. Dive into the latest news and updates to stay informed, maxmize opportunities, and drive success in the crypto world.",Coinbase News,,,news/,news/,,,,,,,,,,
FTX,Latest FTX News | Forbes Digital Assets,39,"Stay informed on crypto news. Our FTX news portal brings you the latest updates, analysis, and opinions for the savviest crypto investors.",138,"Keep up with the newest on FTX. Dive into the latest news and updates to stay informed, maxmize opportunities, and drive success in the crypto world.",FTX News,,,news/,news/,,,,,,,,,,
Kraken,Latest Kraken News | Forbes Digital Assets,42,"Stay informed on crypto news. Our Kraken news portal brings you the latest updates, analysis, and opinions for the savviest crypto investors.",141,"Keep up with the newest on Kraken. Dive into the latest news and updates to stay informed, maxmize opportunities, and drive success in the crypto world.",Kraken News,,,news/,news/,,,,,,,,,,
Digital Currency Group,Latest Digital Currency Group News | Forbes Digital Assets,58,"Stay informed on crypto news. Our Digital Currency Group news portal brings you the latest updates, analysis, and opinions for the savviest crypto investors.",157,"Keep up with the newest on Digital Currency Group. Dive into the latest news and updates to stay informed, maxmize opportunities, and drive success in the crypto world.",Digital Currency Group News,,,news/,news/,,,,,,,,,,
BlockFi,Latest BlockFi News | Forbes Digital Assets,43,"Stay informed on crypto news. Our BlockFi news portal brings you the latest updates, analysis, and opinions for the savviest crypto investors.",142,"Keep up with the newest on BlockFi. Dive into the latest news and updates to stay informed, maxmize opportunities, and drive success in the crypto world.",BlockFi News,,,news/,news/,,,,,,,,,,
Circle,Latest Circle News | Forbes Digital Assets,42,"Stay informed on crypto news. Our Circle news portal brings you the latest updates, analysis, and opinions for the savviest crypto investors.",141,"Keep up with the newest on Circle. Dive into the latest news and updates to stay informed, maxmize opportunities, and drive success in the crypto world.",Circle News,,,news/,news/,,,,,,,,,,
Tether,Latest Tether News | Forbes Digital Assets,42,"Stay informed on crypto news. Our Tether news portal brings you the latest updates, analysis, and opinions for the savviest crypto investors.",141,"Keep up with the newest on Tether. Dive into the latest news and updates to stay informed, maxmize opportunities, and drive success in the crypto world.",Tether News,,,news/,news/,,,,,,,,,,
Robinhood,Latest Robinhood News | Forbes Digital Assets,45,"Stay informed on crypto news. Our Robinhood news portal brings you the latest updates, analysis, and opinions for the savviest crypto investors.",144,"Keep up with the newest on Robinhood. Dive into the latest news and updates to stay informed, maxmize opportunities, and drive success in the crypto world.",Robinhood News,,,news/,news/,,,,,,,,,,
PayPal,Latest PayPal News | Forbes Digital Assets,42,"Stay informed on crypto news. Our PayPal news portal brings you the latest updates, analysis, and opinions for the savviest crypto investors.",141,"Keep up with the newest on PayPal. Dive into the latest news and updates to stay informed, maxmize opportunities, and drive success in the crypto world.",PayPal News,,,news/,news/,,,,,,,,,,
Gemini,Latest Gemini News | Forbes Digital Assets,42,"Stay informed on crypto news. Our Gemini news portal brings you the latest updates, analysis, and opinions for the savviest crypto investors.",141,"Keep up with the newest on Gemini. Dive into the latest news and updates to stay informed, maxmize opportunities, and drive success in the crypto world.",Gemini News,,,news/,news/,,,,,,,,,,
Marathon,Latest Marathon News | Forbes Digital Assets,44,"Stay informed with the latest Marathon news. Discover real-time updates, news, analysis, and insights on our Marathon news page.",128,"Discover the latest on Marathon. Keep up with the most recent news, innovations, and other updates to stay informed for crypto success.",Marathon News,,,news/,news/,,,,,,,,,,
Blockstream,Latest Blockstream News | Forbes Digital Assets,47,"Stay informed with the latest Blockstream news. Discover real-time updates, news, analysis, and insights on our Blockstream news page.",134,"Discover the latest on Blockstream. Keep up with the most recent news, innovations, and other updates to stay informed for crypto success.",Blockstream News,,,news/,news/,,,,,,,,,,
Riot,Latest Riot News | Forbes Digital Assets,40,"Stay informed with the latest Riot news. Discover real-time updates, news, analysis, and insights on our Riot news page.",120,"Discover the latest on Riot. Keep up with the most recent news, innovations, and other updates to stay informed for crypto success.",Riot News,,,news/,news/,,,,,,,,,,
Stronghold Digital,Latest Stronghold Digital News | Forbes Digital Assets,54,"Stay informed with the latest Stronghold Digital news. Discover real-time updates, news, analysis, and insights on our Stronghold Digital news page.",148,"Discover the latest on Stronghold Digital. Keep up with the most recent news, innovations, and other updates to stay informed for crypto success.",Stronghold Digital News,,,news/,news/,,,,,,,,,,
Seven Seven Six,Latest Seven Seven Six News | Forbes Digital Assets,51,Keep up with the latest Seven Seven Six news. Dive into all the updates and expert insights to stay informed on any changes in the cryptocurrency market. ,154,"Uncover the latest Seven Seven Six news. Dive into the newest trend updates, analysis, news, and crypto market updates below. ",Seven Seven Six News,,,news/,news/,,,,,,,,,,
A16Z,Latest A16Z News | Forbes Digital Assets,40,Keep up with the latest A16Z news. Dive into all the updates and expert insights to stay informed on any changes in the cryptocurrency market. ,143,"Uncover the latest A16Z news. Dive into the newest trend updates, analysis, news, and crypto market updates below. ",A16Z News,,,news/,news/,,,,,,,,,,
Polychain,Latest Polychain News | Forbes Digital Assets,45,Keep up with the latest Polychain news. Dive into all the updates and expert insights to stay informed on any changes in the cryptocurrency market. ,148,"Uncover the latest Polychain news. Dive into the newest trend updates, analysis, news, and crypto market updates below. ",Polychain News,,,news/,news/,,,,,,,,,,
Pantera,Latest Pantera News | Forbes Digital Assets,43,Keep up with the latest Pantera news. Dive into all the updates and expert insights to stay informed on any changes in the cryptocurrency market. ,146,"Uncover the latest Pantera news. Dive into the newest trend updates, analysis, news, and crypto market updates below. ",Pantera News,,,news/,news/,,,,,,,,,,
Sequoia,Latest Sequoia News | Forbes Digital Assets,43,Keep up with the latest Sequoia news. Dive into all the updates and expert insights to stay informed on any changes in the cryptocurrency market. ,146,"Uncover the latest Sequoia news. Dive into the newest trend updates, analysis, news, and crypto market updates below. ",Sequoia News,,,news/,news/,,,,,,,,,,
Union Square,Latest Union Square News | Forbes Digital Assets,48,Keep up with the latest Union Square news. Dive into all the updates and expert insights to stay informed on any changes in the cryptocurrency market. ,151,"Uncover the latest Union Square news. Dive into the newest trend updates, analysis, news, and crypto market updates below. ",Union Square News,,,news/,news/,,,,,,,,,,
Multicoin,Latest Multicoin News | Forbes Digital Assets,45,Keep up with the latest Multicoin news. Dive into all the updates and expert insights to stay informed on any changes in the cryptocurrency market. ,148,"Uncover the latest Multicoin news. Dive into the newest trend updates, analysis, news, and crypto market updates below. ",Multicoin News,,,news/,news/,,,,,,,,,,
Dragonfly,Latest Dragonfly News | Forbes Digital Assets,45,Keep up with the latest Dragonfly news. Dive into all the updates and expert insights to stay informed on any changes in the cryptocurrency market. ,148,"Uncover the latest Dragonfly news. Dive into the newest trend updates, analysis, news, and crypto market updates below. ",Dragonfly News,,,news/,news/,,,,,,,,,,
JPMorgan,Latest JPMorgan Crypto News | Forbes Digital Assets,51,Stay ahead in the crypto world with cutting-edge JPMorgan crypto news. Come and discover game-changing insights for your cryptocurrency investing strategies.,157,Stay ahead in the crypto world with cutting-edge JPMorgan crypto news. Look below to discover game-changing insights for your cryptocurrency investing strategies.,JPMorgan Crypto News,,,news/,news/,,,,,,,,,,
HSBC,Latest HSBC Crypto News | Forbes Digital Assets,47,Stay ahead in the crypto world with cutting-edge HSBC crypto news. Come and discover game-changing insights for your cryptocurrency investing strategies.,153,Stay ahead in the crypto world with cutting-edge HSBC crypto news. Look below to discover game-changing insights for your cryptocurrency investing strategies.,HSBC Crypto News,,,news/,news/,,,,,,,,,,
Santander,Latest Santander Crypto News | Forbes Digital Assets,52,Stay ahead in the crypto world with cutting-edge Santander crypto news. Come and discover game-changing insights for your cryptocurrency investing strategies.,158,Stay ahead in the crypto world with cutting-edge Santander crypto news. Look below to discover game-changing insights for your cryptocurrency investing strategies.,Santander Crypto News,,,news/,news/,,,,,,,,,,
Goldman Sachs,Latest Goldman Sachs Crypto News | Forbes Digital Assets,56,Stay ahead in the crypto world with cutting-edge Goldman Sachs crypto news. Discover game-changing insights for your cryptocurrency investing strategies.,153,Stay ahead in the crypto world with cutting-edge Goldman Sachs crypto news. Look below to discover game-changing insights for your cryptocurrency investing strategies.,Goldman Sachs Crypto News,,,news/,news/,,,,,,,,,,
IBM,Latest IBM Crypto News | Forbes Digital Assets,46,Stay ahead in the crypto world with cutting-edge IBM crypto news. Come and discover game-changing insights for your cryptocurrency investing strategies.,152,Stay ahead in the crypto world with cutting-edge IBM crypto news. Look below to discover game-changing insights for your cryptocurrency investing strategies.,IBM Crypto News,,,news/,news/,,,,,,,,,,
Microsoft,Latest Microsoft Crypto News | Forbes Digital Assets,52,Stay ahead in the crypto world with cutting-edge Microsoft crypto news. Come and discover game-changing insights for your cryptocurrency investing strategies.,158,Stay ahead in the crypto world with cutting-edge Microsoft crypto news. Look below to discover game-changing insights for your cryptocurrency investing strategies.,Microsoft Crypto News,,,news/,news/,,,,,,,,,,
IMF,Latest IMF News Crypto | Forbes Digital Assets,46,Stay ahead in the crypto world with cutting-edge IMF crypto news. Come and discover game-changing insights for your cryptocurrency investing strategies.,152,Stay ahead in the crypto world with cutting-edge IMF crypto news. Look below to discover game-changing insights for your cryptocurrency investing strategies.,IMF Crypto News,,,news/,news/,,,,,,,,,,