Does News Tag Pill Already Exist?,	Category,	News Tag,	News Page Meta Title,	News Page Meta Description,	News Page H1
No,	Protocol Tokens,	Bitcoin,	[News Tag] (Ticker) News: Today's Latest Stories By Forbes,	Stay informed with the latest Bitcoin news! Our page delivers real-time updates, expert analyses, and market trends. Dive into the world of crypto today!,	Latest Bitcoin News
Yes,	Protocol Tokens,	Shiba Inu,	[News Tag] (Ticker) News: Today's Latest Stories By Forbes,	Explore breaking Shiba Inu news on Forbes. From price movements to regulatory shifts, we provide insights for crypto enthusiasts. Stay ahead in the crypto game!,	Latest Shiba Inu News
Yes,	Protocol Tokens,	XRP,	[News Tag] (Ticker) News: Today's Latest Stories By Forbes,	Unlock the latest in XRP news trends and developments on Forbes. Instant updates and market analysis to keep you informed and engaged in the crypto space.,	Latest XRP News
Yes,	Protocol Tokens,	Avalanche,	[News Tag] (Ticker) News: Today's Latest Stories By Forbes,	Keep up with Avalanche news and market trends with Forbes. From price fluctuations to industry advancements, we keep you in the loop with timely updates.,	Latest Avalanche News
Yes,	Protocol Tokens,	Dogecoin,	[News Tag] (Ticker) News: Today's Latest Stories By Forbes,	Unlock the latest in Dogecoin news trends and developments on Forbes. Instant updates and market analysis to keep you informed and engaged in the crypto space.,	Latest Dogecoin News
Yes,	Protocol Tokens,	Polygon,	[News Tag] (Ticker) News: Today's Latest Stories By Forbes,	Keep up with Polygon news and market trends with Forbes. From price fluctuations to industry advancements, we keep you in the loop with timely updates.,	Latest Polygon News
No,	Protocol Tokens,	Osmosis,	[News Tag] (Ticker) News: Today's Latest Stories By Forbes,	Stay informed with the latest Osmosis news! Our page delivers real-time updates, expert analyses, and market trends. Dive into the world of crypto today!,	Latest Osmosis News
No,	Protocol Tokens,	Ethereum,	[News Tag] (Ticker) News: Today's Latest Stories By Forbes,	Explore breaking Ethereum news on Forbes. From price movements to regulatory shifts, we provide insights for crypto enthusiasts. Stay ahead in the crypto game!,	Latest Ethereum News
Yes,	Protocol Tokens,	TRON,	[News Tag] (Ticker) News: Today's Latest Stories By Forbes,	Unlock the latest in TRON news trends and developments on Forbes. Instant updates and market analysis to keep you informed and engaged in the crypto space.,	Latest TRON News
Yes,	Protocol Tokens,	Uniswap,	[News Tag] (Ticker) News: Today's Latest Stories By Forbes,	Keep up with Uniswap news and market trends with Forbes. From price fluctuations to industry advancements, we keep you in the loop with timely updates.,	Latest Uniswap News
Yes,	Protocol Tokens,	Cardano,	[News Tag] (Ticker) News: Today's Latest Stories By Forbes,	Unlock the latest in Cardano news trends and developments on Forbes. Instant updates and market analysis to keep you informed and engaged in the crypto space.,	Latest Cardano News
No,	Protocol Tokens,	Aave,	[News Tag] (Ticker) News: Today's Latest Stories By Forbes,	Keep up with Aave news and market trends with Forbes. From price fluctuations to industry advancements, we keep you in the loop with timely updates.,	Latest Aave News
Yes,	Protocol Tokens,	Solana,	[News Tag] (Ticker) News: Today's Latest Stories By Forbes,	Unlock the latest in Solana news trends and developments on Forbes. Instant updates and market analysis to keep you informed and engaged in the crypto space.,	Latest Solana News
Yes,	Protocol Tokens,	USDC,	[News Tag] (Ticker) News: Today's Latest Stories By Forbes,	Keep up with USDC news and market trends with Forbes. From price fluctuations to industry advancements, we keep you in the loop with timely updates.,	Latest USDC News
No,	Protocol Tokens,	Helium,	[News Tag] (Ticker) News: Today's Latest Stories By Forbes,	Stay informed with the latest Helium news! Our page delivers real-time updates, expert analyses, and market trends. Dive into the world of crypto today!,	Latest Helium News
No,	Protocol Tokens,	Stellar,	[News Tag] (Ticker) News: Today's Latest Stories By Forbes,	Unlock the latest in Stellar news trends and developments on Forbes. Instant updates and market analysis to keep you informed and engaged in the crypto space.,	Latest Stellar News
Yes,	Protocol Tokens,	Tether,	[News Tag] (Ticker) News: Today's Latest Stories By Forbes,	Keep up with Tether news and market trends with Forbes. From price fluctuations to industry advancements, we keep you in the loop with timely updates.,	Latest Tether News
No,	Protocol Tokens,	BNB,	[News Tag] (Ticker) News: Today's Latest Stories By Forbes,	Stay informed with the latest BNB news! Our page delivers real-time updates, expert analyses, and market trends. Dive into the world of crypto today!,	Latest BNB News
No,	Protocol Tokens,	Monero,	[News Tag] (Ticker) News: Today's Latest Stories By Forbes,	Explore breaking Monero news on Forbes. From price movements to regulatory shifts, we provide insights for crypto enthusiasts. Stay ahead in the crypto game!,	Latest Monero News
No,	Protocol Tokens,	Mantle,	[News Tag] (Ticker) News: Today's Latest Stories By Forbes,	Unlock the latest in Mantle news trends and developments on Forbes. Instant updates and market analysis to keep you informed and engaged in the crypto space.,	Latest Mantle News
No,	Protocol Tokens,	Flow,	[News Tag] (Ticker) News: Today's Latest Stories By Forbes,	Keep up with Flow news and market trends with Forbes. From price fluctuations to industry advancements, we keep you in the loop with timely updates.,	Latest Flow News
Yes,	Protocol Tokens,	Litecoin,	[News Tag] (Ticker) News: Today's Latest Stories By Forbes,	Explore breaking Litecoin news on Forbes. From price movements to regulatory shifts, we provide insights for crypto enthusiasts. Stay ahead in the crypto game!,	Latest Litecoin News
Yes,	Protocol Tokens,	Optimism,	[News Tag] (Ticker) News: Today's Latest Stories By Forbes,	Unlock the latest in Optimism news trends and developments on Forbes. Instant updates and market analysis to keep you informed and engaged in the crypto space.,	Latest Optimism News
No,	Protocol Tokens,	Immutable,	[News Tag] (Ticker) News: Today's Latest Stories By Forbes,	Keep up with Immutable news and market trends with Forbes. From price fluctuations to industry advancements, we keep you in the loop with timely updates.,	Latest Immutable News
No,	Protocol Tokens,	Render,	[News Tag] (Ticker) News: Today's Latest Stories By Forbes,	Stay informed with the latest Render news! Our page delivers real-time updates, expert analyses, and market trends. Dive into the world of crypto today!,	Latest Render News
No,	Protocol Tokens,	KuCoin,	[News Tag] (Ticker) News: Today's Latest Stories By Forbes,	Explore breaking KuCoin news on Forbes. From price movements to regulatory shifts, we provide insights for crypto enthusiasts. Stay ahead in the crypto game!,	Latest KuCoin News
Yes,	Protocol Tokens,	Dai,	[News Tag] (Ticker) News: Today's Latest Stories By Forbes,	Unlock the latest in Dai news trends and developments on Forbes. Instant updates and market analysis to keep you informed and engaged in the crypto space.,	Latest Dai News
No,	Protocol Tokens,	Quant,	[News Tag] (Ticker) News: Today's Latest Stories By Forbes,	Keep up with Quant news and market trends with Forbes. From price fluctuations to industry advancements, we keep you in the loop with timely updates.,	Latest Quant News
Yes,	Protocol Tokens,	Chainlink,	[News Tag] (Ticker) News: Today's Latest Stories By Forbes,	Unlock the latest in Chainlink news trends and developments on Forbes. Instant updates and market analysis to keep you informed and engaged in the crypto space.,	Latest Chainlink News
No,	Protocol Tokens,	Sei,	[News Tag] (Ticker) News: Today's Latest Stories By Forbes,	Keep up with Sei news and market trends with Forbes. From price fluctuations to industry advancements, we keep you in the loop with timely updates.,	Latest Sei News
Yes,	Protocol Tokens,	Algorand,	[News Tag] (Ticker) News: Today's Latest Stories By Forbes,	Stay informed with the latest Algorand news! Our page delivers real-time updates, expert analyses, and market trends. Dive into the world of crypto today!,	Latest Algorand News
No,	Protocol Tokens,	Sui,	[News Tag] (Ticker) News: Today's Latest Stories By Forbes,	Explore breaking Sui news on Forbes. From price movements to regulatory shifts, we provide insights for crypto enthusiasts. Stay ahead in the crypto game!,	Latest Sui News
No,	Protocol Tokens,	Bitcoin Cash,	[News Tag] (Ticker) News: Today's Latest Stories By Forbes,	Explore breaking Bitcoin Cash news on Forbes. From price movements to regulatory shifts, we provide insights for crypto enthusiasts. Stay ahead in the crypto game!,	Latest Bitcoin Cash News
Yes,	Protocol Tokens,	Filecoin,	[News Tag] (Ticker) News: Today's Latest Stories By Forbes,	Unlock the latest in Filecoin news trends and developments on Forbes. Instant updates and market analysis to keep you informed and engaged in the crypto space.,	Latest Filecoin News
Yes,	Protocol Tokens,	Polkadot,	[News Tag] (Ticker) News: Today's Latest Stories By Forbes,	Keep up with Polkadot news and market trends with Forbes. From price fluctuations to industry advancements, we keep you in the loop with timely updates.,	Latest Polkadot News
No,	Protocol Tokens,	Stacks,	[News Tag] (Ticker) News: Today's Latest Stories By Forbes,	Explore breaking Stacks news on Forbes. From price movements to regulatory shifts, we provide insights for crypto enthusiasts. Stay ahead in the crypto game!,	Latest Stacks News
Yes,	Protocol Tokens,	VeChain,	[News Tag] (Ticker) News: Today's Latest Stories By Forbes,	Unlock the latest in VeChain news trends and developments on Forbes. Instant updates and market analysis to keep you informed and engaged in the crypto space.,	Latest VeChain News
Yes,	Protocol Tokens,	Aptos,	[News Tag] (Ticker) News: Today's Latest Stories By Forbes,	Stay informed with the latest Aptos news! Our page delivers real-time updates, expert analyses, and market trends. Dive into the world of crypto today!,	Latest Aptos News
No,	Protocol Tokens,	Cronos,	[News Tag] (Ticker) News: Today's Latest Stories By Forbes,	Explore breaking Cronos news on Forbes. From price movements to regulatory shifts, we provide insights for crypto enthusiasts. Stay ahead in the crypto game!,	Latest Cronos News
No,	Protocol Tokens,	The Sandbox,	[News Tag] (Ticker) News: Today's Latest Stories By Forbes,	Stay informed with the latest The Sandbox news! Our page delivers real-time updates, expert analyses, and market trends. Dive into the world of crypto today!,	Latest The Sandbox News
No,	Protocol Tokens,	Lido Staked Ether,	[News Tag] (Ticker) News: Today's Latest Stories By Forbes,	Explore breaking Lido Staked Ether news on Forbes. From price movements to regulatory shifts, we provide insights for crypto enthusiasts. Stay ahead in the crypto game!,	Latest Lido Staked Ether News
No,	Protocol Tokens,	Toncoin,	[News Tag] (Ticker) News: Today's Latest Stories By Forbes,	Unlock the latest in Toncoin news trends and developments on Forbes. Instant updates and market analysis to keep you informed and engaged in the crypto space.,	Latest Toncoin News
No,	Protocol Tokens,	Wrapped Bitcoin,	[News Tag] (Ticker) News: Today's Latest Stories By Forbes,	Keep up with digital wallet news and trends with Forbes. From new wallet uses to industry advancements, we keep you in the loop with timely updates.,	Latest Wrapped Bitcoin News
No,	Protocol Tokens,	Internet Computer,	[News Tag] (Ticker) News: Today's Latest Stories By Forbes,	Stay informed with the latest Internet Computer news! Our page delivers real-time updates, expert analyses, and market trends. Dive into the world of crypto today!,	Latest Internet Computer News
No,	Protocol Tokens,	LEO Token,	[News Tag] (Ticker) News: Today's Latest Stories By Forbes,	Explore breaking LEO Token news on Forbes. From price movements to regulatory shifts, we provide insights for crypto enthusiasts. Stay ahead in the crypto game!,	Latest LEO Token News
No,	Protocol Tokens,	Ethereum Classic,	[News Tag] (Ticker) News: Today's Latest Stories By Forbes,	Unlock the latest in Ethereum Classic news trends and developments on Forbes. Instant updates and market analysis to keep you informed and engaged in the crypto space.,	Latest Ethereum Classic News
No,	Protocol Tokens,	Cosmos Hub,	[News Tag] (Ticker) News: Today's Latest Stories By Forbes,	Keep up with digital wallet news and trends with Forbes. From new wallet uses to industry advancements, we keep you in the loop with timely updates.,	Latest Cosmos Hub News
No,	Protocol Tokens,	Injective,	[News Tag] (Ticker) News: Today's Latest Stories By Forbes,	Stay informed with the latest Injective news! Our page delivers real-time updates, expert analyses, and market trends. Dive into the world of crypto today!,	Latest Injective News
No,	Protocol Tokens,	NEAR Protocol,	[News Tag] (Ticker) News: Today's Latest Stories By Forbes,	Explore breaking NEAR Protocol news on Forbes. From price movements to regulatory shifts, we provide insights for crypto enthusiasts. Stay ahead in the crypto game!,	Latest NEAR Protocol News
No,	Protocol Tokens,	OKB,	[News Tag] (Ticker) News: Today's Latest Stories By Forbes,	Unlock the latest in OKB news trends and developments on Forbes. Instant updates and market analysis to keep you informed and engaged in the crypto space.,	Latest OKB News
No,	Protocol Tokens,	Celestia,	[News Tag] (Ticker) News: Today's Latest Stories By Forbes,	Keep up with digital wallet news and trends with Forbes. From new wallet uses to industry advancements, we keep you in the loop with timely updates.,	Latest Celestia News
No,	Protocol Tokens,	Bittensor,	[News Tag] (Ticker) News: Today's Latest Stories By Forbes,	Stay informed with the latest Bittensor news! Our page delivers real-time updates, expert analyses, and market trends. Dive into the world of crypto today!,	Latest Bittensor News
No,	Protocol Tokens,	First Digital USD,	[News Tag] (Ticker) News: Today's Latest Stories By Forbes,	Explore breaking First Digital USD news on Forbes. From price movements to regulatory shifts, we provide insights for crypto enthusiasts. Stay ahead in the crypto game!,	Latest First Digital USD News
No,	Protocol Tokens,	Lido DAO,	[News Tag] (Ticker) News: Today's Latest Stories By Forbes,	Unlock the latest in Lido DAO news trends and developments on Forbes. Instant updates and market analysis to keep you informed and engaged in the crypto space.,	Latest Lido DAO News
No,	Protocol Tokens,	Hedera,	[News Tag] (Ticker) News: Today's Latest Stories By Forbes,	Keep up with digital wallet news and trends with Forbes. From new wallet uses to industry advancements, we keep you in the loop with timely updates.,	Latest Hedera News
No,	Protocol Tokens,	Arbitrum,	[News Tag] (Ticker) News: Today's Latest Stories By Forbes,	Stay informed with the latest Arbitrum news! Our page delivers real-time updates, expert analyses, and market trends. Dive into the world of crypto today!,	Latest Arbitrum News
No,	Protocol Tokens,	Kaspa,	[News Tag] (Ticker) News: Today's Latest Stories By Forbes,	Explore breaking Kaspa news on Forbes. From price movements to regulatory shifts, we provide insights for crypto enthusiasts. Stay ahead in the crypto game!,	Latest Kaspa News
No,	Protocol Tokens,	Maker,	[News Tag] (Ticker) News: Today's Latest Stories By Forbes,	Unlock the latest in Maker news trends and developments on Forbes. Instant updates and market analysis to keep you informed and engaged in the crypto space.,	Latest Maker News
No,	Protocol Tokens,	MultiversX,	[News Tag] (Ticker) News: Today's Latest Stories By Forbes,	Keep up with digital wallet news and trends with Forbes. From new wallet uses to industry advancements, we keep you in the loop with timely updates.,	Latest MultiversX News
No,	Protocol Tokens,	TrueUSD,	[News Tag] (Ticker) News: Today's Latest Stories By Forbes,	Stay informed with the latest TrueUSD news! Our page delivers real-time updates, expert analyses, and market trends. Dive into the world of crypto today!,	Latest TrueUSD News
No,	Protocol Tokens,	The Graph,	[News Tag] (Ticker) News: Today's Latest Stories By Forbes,	Explore breaking The Graph news on Forbes. From price movements to regulatory shifts, we provide insights for crypto enthusiasts. Stay ahead in the crypto game!,	Latest The Graph News
No,	Protocol Tokens,	Rocket Pool ETH,	[News Tag] (Ticker) News: Today's Latest Stories By Forbes,	Unlock the latest in Rocket Pool ETH news trends and developments on Forbes. Instant updates and market analysis to keep you informed and engaged in the crypto space.,	Latest Rocket Pool ETH News
No,	Protocol Tokens,	Bitcoin SV,	[News Tag] (Ticker) News: Today's Latest Stories By Forbes,	Keep up with digital wallet news and trends with Forbes. From new wallet uses to industry advancements, we keep you in the loop with timely updates.,	Latest Bitcoin SV News
No,	Protocol Tokens,	THORChain,	[News Tag] (Ticker) News: Today's Latest Stories By Forbes,	Stay informed with the latest THORChain news! Our page delivers real-time updates, expert analyses, and market trends. Dive into the world of crypto today!,	Latest THORChain News
No,	Protocol Tokens,	Mina Protocol,	[News Tag] (Ticker) News: Today's Latest Stories By Forbes,	Explore breaking Mina Protocol news on Forbes. From price movements to regulatory shifts, we provide insights for crypto enthusiasts. Stay ahead in the crypto game!,	Latest Mina Protocol News
No,	Protocol Tokens,	ORDI,	[News Tag] (Ticker) News: Today's Latest Stories By Forbes,	Unlock the latest in ORDI news trends and developments on Forbes. Instant updates and market analysis to keep you informed and engaged in the crypto space.,	Latest ORDI News
No,	Protocol Tokens,	Tokenize Xchange,	[News Tag] (Ticker) News: Today's Latest Stories By Forbes,	Keep up with digital wallet news and trends with Forbes. From new wallet uses to industry advancements, we keep you in the loop with timely updates.,	Latest Tokenize Xchange News
No,	Protocol Tokens,	dYdX,	[News Tag] (Ticker) News: Today's Latest Stories By Forbes,	Stay informed with the latest dYdX news! Our page delivers real-time updates, expert analyses, and market trends. Dive into the world of crypto today!,	Latest dYdX News
No,	Protocol Tokens,	Synthetix Network,	[News Tag] (Ticker) News: Today's Latest Stories By Forbes,	Explore breaking Synthetix Network news on Forbes. From price movements to regulatory shifts, we provide insights for crypto enthusiasts. Stay ahead in the crypto game!,	Latest Synthetix Network News
No,	Protocol Tokens,	Astar,	[News Tag] (Ticker) News: Today's Latest Stories By Forbes,	Unlock the latest in Astar news trends and developments on Forbes. Instant updates and market analysis to keep you informed and engaged in the crypto space.,	Latest Astar News
No,	Protocol Tokens,	Fantom,	[News Tag] (Ticker) News: Today's Latest Stories By Forbes,	Keep up with digital wallet news and trends with Forbes. From new wallet uses to industry advancements, we keep you in the loop with timely updates.,	Latest Fantom News
No,	Protocol Tokens,	Theta Network,	[News Tag] (Ticker) News: Today's Latest Stories By Forbes,	Stay informed with the latest Theta Network news! Our page delivers real-time updates, expert analyses, and market trends. Dive into the world of crypto today!,	Latest Theta Network News
No,	Protocol Tokens,	SATS (Ordinals),	[News Tag] (Ticker) News: Today's Latest Stories By Forbes,	Explore breaking SATS (Ordinals) news on Forbes. From price movements to regulatory shifts, we provide insights for crypto enthusiasts. Stay ahead in the crypto game!,	Latest SATS (Ordinals) News
No,	Protocol Tokens,	Axie Infinity,	[News Tag] (Ticker) News: Today's Latest Stories By Forbes,	Unlock the latest in Axie Infinity news trends and developments on Forbes. Instant updates and market analysis to keep you informed and engaged in the crypto space.,	Latest Axie Infinity News
No,	Protocol Tokens,	WhiteBIT Coin,	[News Tag] (Ticker) News: Today's Latest Stories By Forbes,	Keep up with digital wallet news and trends with Forbes. From new wallet uses to industry advancements, we keep you in the loop with timely updates.,	Latest WhiteBIT Coin News
No,	Protocol Tokens,	Bitcoin,	[News Tag] (Ticker) News: Today's Latest Stories By Forbes,	Stay informed with the latest Bitcoin news! Our page delivers real-time updates, expert analyses, and market trends. Dive into the world of crypto today!,	Latest Bitcoin News
Yes,	Protocol Tokens,	Shiba Inu,	[News Tag] (Ticker) News: Today's Latest Stories By Forbes,	Explore breaking Shiba Inu news on Forbes. From price movements to regulatory shifts, we provide insights for crypto enthusiasts. Stay ahead in the crypto game!,	Latest Shiba Inu News
Yes,	Protocol Tokens,	XRP,	[News Tag] (Ticker) News: Today's Latest Stories By Forbes,	Unlock the latest in XRP news trends and developments on Forbes. Instant updates and market analysis to keep you informed and engaged in the crypto space.,	Latest XRP News
No,	Enterprise Blockchain,	BlackRock,	[News Tag] News: Today's Latest Stories By Forbes,  Stay informed with the latest BlackRock news! Our page delivers real-time updates, expert analyses, and market trends. Dive into the world of crypto today!,	Latest BlackRock News
No,	Protocol Tokens,	BitTorrent,	[News Tag] (Ticker) News: Today's Latest Stories By Forbes,	Explore breaking BitTorrent news on Forbes. From price movements to regulatory shifts, we provide insights for crypto enthusiasts. Stay ahead in the crypto game!,	Latest BitTorrent News
Yes,	Protocol Tokens,	Dogecoin,	[News Tag] (Ticker) News: Today's Latest Stories By Forbes,	Unlock the latest in Dogecoin news trends and developments on Forbes. Instant updates and market analysis to keep you informed and engaged in the crypto space.,	Latest Dogecoin News
Yes,	Protocol Tokens,	Polygon,	[News Tag] (Ticker) News: Today's Latest Stories By Forbes,	Keep up with Polygon news and market trends with Forbes. From price fluctuations to industry advancements, we keep you in the loop with timely updates.,	Latest Polygon News
No,	Protocol Tokens,	Osmosis,	[News Tag] (Ticker) News: Today's Latest Stories By Forbes,	Stay informed with the latest Osmosis news! Our page delivers real-time updates, expert analyses, and market trends. Dive into the world of crypto today!,	Latest Osmosis News
No,	Protocol Tokens,	Ethereum,	[News Tag] (Ticker) News: Today's Latest Stories By Forbes,	Explore breaking Ethereum news on Forbes. From price movements to regulatory shifts, we provide insights for crypto enthusiasts. Stay ahead in the crypto game!,	Latest Ethereum News
No,	Industry,	Crypto Taxes,	[News Tag] News: Today's Latest Stories By Forbes,	Unlock the latest in Crypto Taxes news trends and developments on Forbes. Instant updates and market analysis to keep you informed and engaged in the crypto space.,	Latest Crypto Taxes News
No,	Protocol Tokens,	EOS,	[News Tag] (Ticker) News: Today's Latest Stories By Forbes,	Stay informed with the latest EOS news! Our page delivers real-time updates, expert analyses, and market trends. Dive into the world of crypto today!,	Latest EOS News
No,	Industry,	NFT,	[News Tag] News: Today's Latest Stories By Forbes,	Explore breaking NFT news on Forbes. From price movements to regulatory shifts, we provide insights for crypto enthusiasts. Stay ahead in the crypto game!,	Latest NFT News
Yes,	Protocol Tokens,	TRON,	[News Tag] (Ticker) News: Today's Latest Stories By Forbes,	Unlock the latest in TRON news trends and developments on Forbes. Instant updates and market analysis to keep you informed and engaged in the crypto space.,	Latest TRON News
Yes,	Protocol Tokens,	Uniswap,	[News Tag] (Ticker) News: Today's Latest Stories By Forbes,	Keep up with Uniswap news and market trends with Forbes. From price fluctuations to industry advancements, we keep you in the loop with timely updates.,	Latest Uniswap News
No,	Protocol Tokens,	Kava,	[News Tag] (Ticker) News: Today's Latest Stories By Forbes,	Stay informed with the latest Kava news! Our page delivers real-time updates, expert analyses, and market trends. Dive into the world of crypto today!,	Latest Kava News
No,	Industry,	Blockchain,	[News Tag] News: Today's Latest Stories By Forbes,	Explore breaking Blockchain news on Forbes. From price movements to regulatory shifts, we provide insights for crypto enthusiasts. Stay ahead in the crypto game!,	Latest Blockchain News
Yes,	Protocol Tokens,	Cardano,	[News Tag] (Ticker) News: Today's Latest Stories By Forbes,	Unlock the latest in Cardano news trends and developments on Forbes. Instant updates and market analysis to keep you informed and engaged in the crypto space.,	Latest Cardano News
No,	Protocol Tokens,	Aave,	[News Tag] (Ticker) News: Today's Latest Stories By Forbes,	Keep up with Aave news and market trends with Forbes. From price fluctuations to industry advancements, we keep you in the loop with timely updates.,	Latest Aave News
No,	Protocol Tokens,	IOTA,	[News Tag] (Ticker) News: Today's Latest Stories By Forbes,	Stay informed with the latest IOTA news! Our page delivers real-time updates, expert analyses, and market trends. Dive into the world of crypto today!,	Latest IOTA News
No,	Industry,	Crypto ETF,	[News Tag] News: Today's Latest Stories By Forbes,	Explore breaking Crypto ETF news on Forbes. From price movements to regulatory shifts, we provide insights for crypto enthusiasts. Stay ahead in the crypto game!,	Latest Crypto ETF News
Yes,	Protocol Tokens,	Solana,	[News Tag] (Ticker) News: Today's Latest Stories By Forbes,	Unlock the latest in Solana news trends and developments on Forbes. Instant updates and market analysis to keep you informed and engaged in the crypto space.,	Latest Solana News
Yes,	Protocol Tokens,	USDC,	[News Tag] (Ticker) News: Today's Latest Stories By Forbes,	Keep up with USDC news and market trends with Forbes. From price fluctuations to industry advancements, we keep you in the loop with timely updates.,	Latest USDC News
No,	Protocol Tokens,	Helium,	[News Tag] (Ticker) News: Today's Latest Stories By Forbes,	Stay informed with the latest Helium news! Our page delivers real-time updates, expert analyses, and market trends. Dive into the world of crypto today!,	Latest Helium News
No,	Protocol Tokens,	CBDC,	[News Tag] (Ticker) News: Today's Latest Stories By Forbes,	Explore breaking CBDC news on Forbes. From price movements to regulatory shifts, we provide insights for crypto enthusiasts. Stay ahead in the crypto game!,	Latest CBDC News
No,	Protocol Tokens,	Stellar,	[News Tag] (Ticker) News: Today's Latest Stories By Forbes,	Unlock the latest in Stellar news trends and developments on Forbes. Instant updates and market analysis to keep you informed and engaged in the crypto space.,	Latest Stellar News
Yes,	Protocol Tokens,	Tether,	[News Tag] (Ticker) News: Today's Latest Stories By Forbes,	Keep up with Tether news and market trends with Forbes. From price fluctuations to industry advancements, we keep you in the loop with timely updates.,	Latest Tether News
No,	Protocol Tokens,	BNB,	[News Tag] (Ticker) News: Today's Latest Stories By Forbes,	Stay informed with the latest BNB news! Our page delivers real-time updates, expert analyses, and market trends. Dive into the world of crypto today!,	Latest BNB News
No,	Protocol Tokens,	Monero,	[News Tag] (Ticker) News: Today's Latest Stories By Forbes,	Explore breaking Monero news on Forbes. From price movements to regulatory shifts, we provide insights for crypto enthusiasts. Stay ahead in the crypto game!,	Latest Monero News
No,	Protocol Tokens,	Mantle,	[News Tag] (Ticker) News: Today's Latest Stories By Forbes,	Unlock the latest in Mantle news trends and developments on Forbes. Instant updates and market analysis to keep you informed and engaged in the crypto space.,	Latest Mantle News
No,	Protocol Tokens,	Flow,	[News Tag] (Ticker) News: Today's Latest Stories By Forbes,	Keep up with Flow news and market trends with Forbes. From price fluctuations to industry advancements, we keep you in the loop with timely updates.,	Latest Flow News
No,	Protocol Tokens,	Blur,	[News Tag] (Ticker) News: Today's Latest Stories By Forbes,	Stay informed with the latest Blur news! Our page delivers real-time updates, expert analyses, and market trends. Dive into the world of crypto today!,	Latest Blur News
Yes,	Protocol Tokens,	Litecoin,	[News Tag] (Ticker) News: Today's Latest Stories By Forbes,	Explore breaking Litecoin news on Forbes. From price movements to regulatory shifts, we provide insights for crypto enthusiasts. Stay ahead in the crypto game!,	Latest Litecoin News
Yes,	Protocol Tokens,	Optimism,	[News Tag] (Ticker) News: Today's Latest Stories By Forbes,	Unlock the latest in Optimism news trends and developments on Forbes. Instant updates and market analysis to keep you informed and engaged in the crypto space.,	Latest Optimism News
No,	Protocol Tokens,	Immutable,	[News Tag] (Ticker) News: Today's Latest Stories By Forbes,	Keep up with Immutable news and market trends with Forbes. From price fluctuations to industry advancements, we keep you in the loop with timely updates.,	Latest Immutable News
No,	Protocol Tokens,	Render,	[News Tag] (Ticker) News: Today's Latest Stories By Forbes,	Stay informed with the latest Render news! Our page delivers real-time updates, expert analyses, and market trends. Dive into the world of crypto today!,	Latest Render News
No,	Protocol Tokens,	KuCoin,	[News Tag] (Ticker) News: Today's Latest Stories By Forbes,	Explore breaking KuCoin news on Forbes. From price movements to regulatory shifts, we provide insights for crypto enthusiasts. Stay ahead in the crypto game!,	Latest KuCoin News
No,	Protocol Tokens,	NEO,	[News Tag] (Ticker) News: Today's Latest Stories By Forbes,	Unlock the latest in NEO news trends and developments on Forbes. Instant updates and market analysis to keep you informed and engaged in the crypto space.,	Latest NEO News
No,	Protocol Tokens,	GALA,	[News Tag] (Ticker) News: Today's Latest Stories By Forbes,	Keep up with GALA news and market trends with Forbes. From price fluctuations to industry advancements, we keep you in the loop with timely updates.,	Latest GALA News
No,	Miners,	Bitcoin Mining,	[News Tag] News: Today's Latest Stories By Forbes,	Stay informed with the latest Bitcoin Mining news! Our page delivers real-time updates, expert analyses, and market trends. Dive into the world of crypto today!,	Latest Bitcoin Mining News
No,	Industry,	Crypto Gaming,	[News Tag] News: Today's Latest Stories By Forbes,	Explore breaking Crypto Gaming news on Forbes. From price movements to regulatory shifts, we provide insights for crypto enthusiasts. Stay ahead in the crypto game!,	Latest Crypto Gaming News
Yes,	Protocol Tokens,	Dai,	[News Tag] (Ticker) News: Today's Latest Stories By Forbes,	Unlock the latest in Dai news trends and developments on Forbes. Instant updates and market analysis to keep you informed and engaged in the crypto space.,	Latest Dai News
No,	Protocol Tokens,	Quant,	[News Tag] (Ticker) News: Today's Latest Stories By Forbes,	Keep up with Quant news and market trends with Forbes. From price fluctuations to industry advancements, we keep you in the loop with timely updates.,	Latest Quant News
No,	Protocol Tokens,	WOO,	[News Tag] (Ticker) News: Today's Latest Stories By Forbes,	Stay informed with the latest WOO news! Our page delivers real-time updates, expert analyses, and market trends. Dive into the world of crypto today!,	Latest WOO News
No,	Protocol Tokens,	PancakeSwap,	[News Tag] (Ticker) News: Today's Latest Stories By Forbes,	Explore breaking PancakeSwap news on Forbes. From price movements to regulatory shifts, we provide insights for crypto enthusiasts. Stay ahead in the crypto game!,	Latest PancakeSwap News
No,	Protocol Tokens,	Bonk,	[News Tag] (Ticker) News: Today's Latest Stories By Forbes,	Unlock the latest in Bonk news trends and developments on Forbes. Instant updates and market analysis to keep you informed and engaged in the crypto space.,	Latest Bonk News
No,	Industry,	Bitcoin Halving,	[News Tag] News: Today's Latest Stories By Forbes,	Keep up with Bitcoin Halving news and market trends with Forbes. From price fluctuations to industry advancements, we keep you in the loop with timely updates.,	Latest Bitcoin Halving News
No,	Industry,	Bitcoin ETF,	[News Tag] News: Today's Latest Stories By Forbes,	Stay informed with the latest Bitcoin ETF news! Our page delivers real-time updates, expert analyses, and market trends. Dive into the world of crypto today!,	Latest Bitcoin ETF News
No,	Industry,	Web3,	[News Tag] News: Today's Latest Stories By Forbes,	Explore breaking Web3 news on Forbes. From new innovations to regulatory shifts, we provide insights for Web3 enthusiasts. Stay ahead in the Web3 game!,	Latest Web3 News
Yes,	Protocol Tokens,	Chainlink,	[News Tag] (Ticker) News: Today's Latest Stories By Forbes,	Unlock the latest in Chainlink news trends and developments on Forbes. Instant updates and market analysis to keep you informed and engaged in the crypto space.,	Latest Chainlink News
No,	Protocol Tokens,	Sei,	[News Tag] (Ticker) News: Today's Latest Stories By Forbes,	Keep up with Sei news and market trends with Forbes. From price fluctuations to industry advancements, we keep you in the loop with timely updates.,	Latest Sei News
Yes,	Protocol Tokens,	Algorand,	[News Tag] (Ticker) News: Today's Latest Stories By Forbes,	Stay informed with the latest Algorand news! Our page delivers real-time updates, expert analyses, and market trends. Dive into the world of crypto today!,	Latest Algorand News
No,	Protocol Tokens,	Sui,	[News Tag] (Ticker) News: Today's Latest Stories By Forbes,	Explore breaking Sui news on Forbes. From price movements to regulatory shifts, we provide insights for crypto enthusiasts. Stay ahead in the crypto game!,	Latest Sui News
No,	Protocol Tokens,	Decentraland,	[News Tag] (Ticker) News: Today's Latest Stories By Forbes,	Unlock the latest in Decentraland news trends and developments on Forbes. Instant updates and market analysis to keep you informed and engaged in the crypto space.,	Latest Decentraland News
No,	Protocol Tokens,	DAO,	[News Tag] (Ticker) News: Today's Latest Stories By Forbes,	Keep up with DAO news and market trends with Forbes. From price fluctuations to industry advancements, we keep you in the loop with timely updates.,	Latest DAO News
No,	Miners,	Crypto Mining,	[News Tag] News: Today's Latest Stories By Forbes,	Stay informed with the latest Crypto Mining news! Our page delivers real-time updates, expert analyses, and market trends. Dive into the world of crypto today!,	Latest Crypto Mining News
No,	Industry,	Bitcoin Cash,	[News Tag] News: Today's Latest Stories By Forbes,	Explore breaking Bitcoin Cash news on Forbes. From price movements to regulatory shifts, we provide insights for crypto enthusiasts. Stay ahead in the crypto game!,	Latest Bitcoin Cash News
Yes,	Protocol Tokens,	Filecoin,	[News Tag] (Ticker) News: Today's Latest Stories By Forbes,	Unlock the latest in Filecoin news trends and developments on Forbes. Instant updates and market analysis to keep you informed and engaged in the crypto space.,	Latest Filecoin News
Yes,	Protocol Tokens,	Polkadot,	[News Tag] (Ticker) News: Today's Latest Stories By Forbes,	Keep up with Polkadot news and market trends with Forbes. From price fluctuations to industry advancements, we keep you in the loop with timely updates.,	Latest Polkadot News
No,	Industry,	Crypto Regulation,	[News Tag] News: Today's Latest Stories By Forbes,	Stay informed with the latest Crypto Regulation news! Our page delivers real-time updates, expert analyses, and market trends. Dive into the world of crypto today!,	Latest Crypto Regulation News
No,	Protocol Tokens,	Stacks,	[News Tag] (Ticker) News: Today's Latest Stories By Forbes,	Explore breaking Stacks news on Forbes. From price movements to regulatory shifts, we provide insights for crypto enthusiasts. Stay ahead in the crypto game!,	Latest Stacks News
Yes,	Protocol Tokens,	VeChain,	[News Tag] (Ticker) News: Today's Latest Stories By Forbes,	Unlock the latest in VeChain news trends and developments on Forbes. Instant updates and market analysis to keep you informed and engaged in the crypto space.,	Latest VeChain News
No,	Industry,	Grayscale,	[News Tag] News: Today's Latest Stories By Forbes,	Keep up with Grayscale news and market trends with Forbes. From price fluctuations to industry advancements, we keep you in the loop with timely updates.,	Latest Grayscale News
No,	Protocol Tokens,	DeFi,	[News Tag] (Ticker) News: Today's Latest Stories By Forbes,	Stay informed with the latest DeFi news! Our page delivers real-time updates, expert analyses, and market trends. Dive into the world of crypto today!,	Latest DeFi News
No,	Industry,	Crypto Wallet,	[News Tag] News: Today's Latest Stories By Forbes,	Explore breaking Crypto Wallet news on Forbes. From price movements to regulatory shifts, we provide insights for crypto enthusiasts. Stay ahead in the crypto game!,	Latest Crypto Wallet News
No,	Industry,	Crypto Governance,	[News Tag] News: Today's Latest Stories By Forbes,	Unlock the latest in Crypto Governance news trends and developments on Forbes. Instant updates and market analysis to keep you informed and engaged in the crypto space.,	Latest Crypto Governance News
Yes,	Protocol Tokens,	Aptos,	[News Tag] (Ticker) News: Today's Latest Stories By Forbes,	Stay informed with the latest Aptos news! Our page delivers real-time updates, expert analyses, and market trends. Dive into the world of crypto today!,	Latest Aptos News
No,	Protocol Tokens,	Cronos,	[News Tag] (Ticker) News: Today's Latest Stories By Forbes,	Explore breaking Cronos news on Forbes. From price movements to regulatory shifts, we provide insights for crypto enthusiasts. Stay ahead in the crypto game!,	Latest Cronos News
Yes,	Protocol Tokens,	Tezos,	[News Tag] (Ticker) News: Today's Latest Stories By Forbes,	Unlock the latest in Tezos news trends and developments on Forbes. Instant updates and market analysis to keep you informed and engaged in the crypto space.,	Latest Tezos News
No,	Industry,	Digital Wallet,	[News Tag] News: Today's Latest Stories By Forbes,	Keep up with digital wallet news and trends with Forbes. From new wallet uses to industry advancements, we keep you in the loop with timely updates.,	Latest Digital Wallet News